2874904,Michael G. Akritas
10441735,Neil A. Butler
4147321,Richard M. Royall
144532254,Calyampudi R. Rao
1725893,Murad S. Taqqu
2949932,Rasmus Waagepetersen
144288531,J. N. K. Rao
1754887,Anatoli B. Juditsky
2352281,Philippe Rigollet
2667773,Alexandre B. Tsybakov
39449556,JinTing Zhang
47976263,Frederick Mosteller
39367091,Wenxin Jiang
2019738,Per Aslak Mykland
34068805,John W. Pratt
35288660,Guangming Pan
2491165,Geert Molenberghs
3660136,John D. Kalbfleisch
2878717,Ciprian M. Crainiceanu
144576019,AnaMaria Staicu
48100351,ChongZhi Di
3211143,X. Jessie Jeng
49282956,Tengfei Cai
2814908,Hongzhe Li
144750484,Kathryn Roeder
46510656,Cong Han
9894852,Bradley P. Carlin
114357808,Eduard Belitser
2291789,Subhashis Ghosal
2204469,Ali Shojaie
13543678,David A. Harville
145852705,Oliver Linton
145230382,Zudi Lu
49432033,Patricia A. Moran
1809121,Lutz Dmbgen
2710135,Anthony Y. C. Kuk
66556705,Aa.
46918097,Alan Roy Stuart
3180920,Keith Ord
36848025,Daniel O Scharfstein
3044550,Hans R. Knsch
1913588,Leonard A. Stefanski
34101041,Raymond J. Carroll
2488720,Nathaniel Schenker
13277384,Alan Welsh
34574461,Douglas A. Wolfe
2008035,Winfried Stute
1985263,Jianhua Z. Huang
145398965,Harry Joe
2711388,Piotr Kokoszka
2360319,Martin T. Wells
2141647,Karl Rohe
89127357,Alexandre B. Tsybakov
50688699,Hua Yun Chen
69577099,Theodore W. Anderson
145449380,Steven N. MacEachern
143617138,Johan Segers
3033525,Mark J. van der Laan
1989673,YiChing Yao
143971171,Peter A. Hall
28582490,Egon S. Pearson
1863924,Stephane Heritier
2567806,Elvezio Ronchetti
2550392,Bradley Efron
1742426,George Michailidis
47023604,Xuming He
4363482,Robert L. Strawderman
144328326,HansGeorg Mller
5060808,Kongming Wang
50415833,Theo Gasser
50578720,Graeme K. Robinson
145024674,R. J. Beran
2679857,Peter Green
1789565,Bani K. Mallick
48064586,Lijian Yang
47711739,John N. Darroch
4769556,Odd O Aalen
4114071,C. F. Jeff Wu
1733999,Larry A. Wasserman
3298290,Clifford H. Spiegelman
145930386,QiMan Shao
4464141,MingHui Chen
143851593,Joseph G. Ibrahim
3259959,Joseph B. Kadane
1406409112,Anthony OHagan
144080903,Andrew Harvey
144098326,Chris Hans
6622521,Joseph Berkson
100532061,Yaacov Ritov
1678771,Peter J. Bickel
2828170,Paul J. Rathouz
144755914,Alan H. Welsh
47122150,Kjell A. Doksum
52024479,Bruce Marvin Hill
31674513,Douglas G. Simpson
33913193,Xuming He
1804386,Adrian E. Raftery
38555936,David B. Dahl
48107722,M. A. Newton
144612575,J. P. Imhof
144180010,Susan A. Murphy
25624716,Arash A. Amini
39602222,Aiyou Chen
143808488,Elizaveta Levina
47904387,Yi Lin
1787278,Hao Helen Zhang
1943223,Anthony C. Atkinson
50389176,SheanTsong Chiu
2266946,Xiaotong Shen
1721891,Jianming Ye
145709788,Sylvia Richardson
152558943,Peter Green
2822745,Stephen G. Walker
65895980,Paul Damien
21779757,Peter J. Lenk
2424930,Hyokyoung Grace Hong
1957528,Peter Guttorp
8617353,Regina Y. Liu
3388055,Kesar Singh
153063654,Dag Tjstheim
2818830,Marcello Pagano
1699193,Daniel F. Heitjan
1422296758,Henrik RamlauHansen
143923878,Michael LeBlanc
145649920,John Crowley
2448330,Jean Jacod
40692782,M. G. Kendall
1742419,D. M. Titterington
40244741,Wayne A. Fuller
41207141,Donald Alexander Fraser
2429347,Anthony Ledford
2153469,Jonathan A. Tawn
1882553,Thomas R. Fleming
143628300,H. O. Hartley
70311601,Emil Spjtvoll
2610426,Kani Chen
143863063,S.H. Lo
1778814,Thomas P. Hettmansperger
1679751,John Neuhaus
10091739,Nicholas Patrick Jewell
13800522,Lan Zhang
2071535,Paul H. Garthwaite
2364792,Iain M. Johnstone
145323121,John A. Nelder
50589423,L Wei
46842850,Toby J. Mitchell
6538742,Kung Yee Liang
2881229,Scott Zeger
2423230,Leo Breiman
3056361,Jerome H. Friedman
145310500,A. S. Hedayat
145948621,George E. P. Box
40416145,Song Xi Chen
144958605,Jianqing Fan
143848358,G. E. P. Box
3432876,Thomas A. Severini
47141399,Michael J. Daniels
1840562,Robert E. Kass
144537223,David Lindley
3808042,Sren Ulrik Johansen
88350867,Carla Inclan
36184409,George C. Tiao
144883945,P. Qiu
3396021,Bruce W. Turnbull
52545658,K Bandeenroche
3301280,Diana L. Miglioretti
2292156,Paolo Vidoni
1709741,Brani Vidakovic
3277582,Stephen M. Stigler
32868036,Huixia Judy Wang
2734333,Marianna Pensky
2514303,Theofanis Sapatinas
144402257,Robert Kohn
70982312,Craig F. Ansley
1811787,Mendel Fygenson
102330532,Larry Wasserman
18478271,Bruce G. Lindsay
47166531,Guido W. Imbens
90661057,Louis Gordon
1918593,Cyrus R. Mehta
144845491,A. Philip Dawid
2875133,Yanyuan Ma
1877479,Marc G. Genton
2458765,Anastasios A. Tsiatis
46845456,Myles Hollander
144108246,David Ruppert
145956495,J. S. Marron
49225604,Garrett M. Fitzmaurice
7890796,Nan M. Laird
3085250,James P. Hobert
49423392,Robin L. Plackett
4824776,Thomas J. DiCiccio
2152560,Joseph P. Romano
2508221,Aad van der Vaart
34365478,Zhiliang Ying
2219583,Gaorong Li
144245987,Heng Peng
14352581,Jun Zhang
4452401,Lixing Zhu
5054589,Kathryn Chaloner
66479429,R. M. Loynes
143862235,Huazhen Lin
49455540,Yong Zhou
2271618,Tianxi Cai
2102128,Gerda Claeskens
35141525,Nils Lid Hjort
3162421,Murali Haran
145947080,Jing Qin
2796350,Persi Diaconis
49234649,H. D. Patterson
1920167,Hannu Oja
1746891,Rainer Dahlhaus
2080509,Wolfgang Wefelmeyer
2531020,Holger Dette
40282078,Suhasini Subba Rao
46399637,Yufeng Liu
35324548,Finn Lindgren
144021304,Harrison H. Zhou
2319685,Francesca Dominici
9619706,Giovanni Parmigiani
144244963,Art B. Owen
152736804,Michael Smith
2253245,Simon J. Sheather
32958898,Paul R. Rosenbaum
3227746,Havard Rue
1901917,James H. Stock
32082672,Mark W. Watson
46660083,Lie Wang
2008384,Lawrence D. Brown
145028134,T. Tony Cai
145131380,M. Levine
3013323,Johannes Ledolter
39941677,Trevor J. Sweeting
1398951619,Ole E. BarndorffNielsen
69566971,Ralph Allan Bradley
1960946,Hugh A. Chipman
2347035,Edward I. George
2840298,Robert E. McCulloch
2982242,Jens Perch Nielsen
31723646,Joel L. Horowitz
2777059,Frank Critchley
36032905,Ronald W. Butler
47188209,Enno Mammen
32643219,Byeong Uk Park
144959271,J. A. Hartigan
145936819,Rahul Mukerjee
3441762,Boxin Tang
1683677,Dennis D. Boos
40348704,Yingying Fan
35118626,Jinchi Lv
25847574,Wei Biao Wu
2839900,Helmut Finner
47935258,John Robinson
33550608,Margaret Sullivan Pepe
144593775,Rong Chen
145155783,Christian P. Robert
2097256,XiaoLi Meng
31987667,Jeffrey S. Rosenthal
48584883,Merrilee Hurn
144676022,Peter McCullagh
49630843,Christophe Andrieu
143888101,Arnaud Doucet
2265630,Petros Dellaportas
1684961,Stephen E. Fienberg
145179124,I. J. Good
1398204711,Christine M. AndersonCook
144085136,Michael Woodroofe
144327830,David Roxbee Cox
144021493,Lu Tian
39775017,David B. Dunson
21801845,Juliet Popper Shaffer
2567800,Daniel Q. Naiman
33052991,G. Casella
66946758,Jiunn Tzon Hwang
32387631,Kanti V. Mardia
145524610,Lawrence D. Brown
143802728,R. Dennis Cook
144456647,R. B. Davies
143763196,Tim Robertson
144600538,F. T. Wright
40439165,Lancelot F. James
145382036,Roderick J. A. Little
2664086,Jeremy E. Oakley
20640005,Morris L. Eaton
2309208,David E. Tyler
39201543,James O. Berger
2235217,Donald B. Rubin
2814713,Dipak K. Dey
16243226,Sanford Weisberg
144958602,Jianqing Fan
69887967,Gregory C. Reinsel
48677012,Sinho Jung
2735098,Eugenio Regazzini
144087767,Feng Liang
144411387,Rui Paulo
144762972,Germn Molina
3028496,Merlise A. Clyde
145607066,James M. Robins
2738017,Ulrich Stadtmller
90309603,Holger Dette
47537846,Bradley Efron
3615612,Mary C. Meyer
50333716,Donald B. Rubin
2198670,Axel Munk
49236333,JengMin Chiou
144898907,George Casella
89161743,D. N. Lawley
3010344,David Siegmund
2820649,Dorota M. Dabrowska
144171839,Ming Yuan
46394442,Y. J. Lin
2040241,James Harold Ware
103142500,Pl Laurie Davies
1927235,Arne Kovac
3280236,Hongtu Zhu
32507567,Peter E. Jupp
102691553,Don Ylvisaker
27317704,Mark G. Low
3093607,Linda Zhao
1751657,Douglas W. Nychka
3027365,Daryl Pregibon
33361123,Vincent J. Carey
49243178,KerChau Li
145516664,James G. Scott
153677195,Gary L Rosner
2083672,Hlne Massam
101062394,Robb J. Muirhead
2636336,W. J. Studden
2448110,Elisabeth Gassiat
1786884,Boaz Nadler
144958606,Jianqing Fan
3050116,Yunbei Ma
47653069,Wei Dai
3322724,Dylan S. Small
50463772,Yongtao Guan
47104126,Michael T. Sherman
1694701,Bala Rajaratnam
144361840,Xihong Lin
1771912,CunHui Zhang
47856259,M. B. Wilk
47401260,Michael Lavine
121074962,Ross L. Prentice
31727329,Carl N. Morris
144288528,J. N. K. Rao
1818876,Herbert K. H. Lee
48897539,Peter J. Huber
5770189,Samuel C. Kou
2783800,William E. Strawderman
23112567,Simon N. Wood
49935026,Wenguang Sun
97752732,David V. Hinkley
2266267,Shahar Mendelson
3350586,Piotr Fryzlewicz
2434842,Catherine A. Sugar
144026427,Gareth James
39458202,Michal Kulich
48926523,Danyu Lin
1699915,Donald A. Pierce
1784682,Trevor J. Hastie
69431201,Andreas Buja
1761784,Robert Tibshirani
2230454,Dimitris Nicolas Politis
30385000,Anthony Rossini
3266660,Andrew L. Rukhin
2891890,JaneLing Wang
144752886,Ronald Christensen
71398959,Charles J. Stone
2746221,Steen A. Andersson
2830733,Michael D. Perlman
29380704,Jun S. Liu
41225673,L J Wei
49231821,Probal Chaudhuri
143897343,David Oakes
2818025,Tze Leung Lai
144908672,Andrew T. A. Wood
145355644,S. A. Padoan
1933453,Mathieu Ribatet
144540527,Scott Anthony Sisson
143922900,Hua Liang
144882425,David M. Mason
1812881,Runze Li
144630991,Thomas H. Scheike
1886238,Brian Caffo
103058452,John H. J. Einmahl
48823261,D. D. Ben Dayan Rubin
1738371,Robert Serfling
5107647,T. Tony Cai
2202986,Weidong Liu
4999927,Jichun Xie
3297398,Cristiano Varin
144927839,ChiungYu Huang
41330015,Shiqing Ling
39741917,Wai Keung Li
143698811,Arthur Cohen
1724677,Yichao Wu
32352062,Chris C. Heyde
5521552,Robert J. Simes
144103892,Valen E. Johnson
2741460,Hemant Ishwaran
2328919,KamWah Tsui
2963587,Wolfgang Polonik
2047310,Dongchu Sun
2152863,Paul L. Speckman
143689788,David Pollard
143862296,John A. Rice
144420921,Murray Rosenblatt
145799016,Abel Rodrguez
2454055,Alan E. Gelfand
2001792,Wesley O. Johnson
1748107,Steven N. MacEachern
153340899,John Aitchison
144532256,C. Radhakrishna Rao
46789170,Ross L. Prentice
3074076,Joseph L. Gastwirth
145791897,G. Alastair Young
145305666,M. Asgharian
39402307,David B. Wolfson
145941053,Hari Mukerjee
3073838,Xiaofeng Shao
34935168,M. A. Stephens
32735081,Estate V. Khmaladze
3130053,Hira L. Koul
39719914,David R. Cox
2067653,Ludwig Fahrmeir
2477489,Luc Devroye
1755694,Gbor Lugosi
35216623,Tapabrata Maiti
39265460,Hongquan Xu
145196107,Arup Bose
100990729,Paul Speckman
3269958,Abba M. Krieger
3378612,Benjamin Yakir
3264000,Gareth O. Roberts
144278037,Ewan S. Page
2015030,Wolfgang K. Hrdle
32360997,Ruey S. Tsay
32092469,Ngai Hang Chan
34584410,Andrew V. Carter
100667744,Ricardo Fraiman
144581339,Marc C. Kennedy
1400974620,Anthony OHagan
89519679,Jan Hannig
2025201,Jason Peter Fine
2903915,Francisco J. Samaniego
1733170,Jelle J. Goeman
8524463,Hans C. van Houwelingen
144336939,Deborah Nolan
40178840,Michael L. Stein
3140471,Zhiyi Chi
48780984,Leah J. Welty
101062619,Victor J. Yohai
1888694,K. Ruben Gabriel
88941006,Sara A. van de Geer
47796701,Yuhong Yang
145155782,Christian P. Robert
2305401,James R. Schott
2797628,Christian Genest
48566708,Geoffrey Watson
40007636,Weijing Wang
2979546,Randy R. Sitter
34582717,Changbao Wu
145031370,Anton Schick
144037176,Norman L. Johnson
3184408,Nanny Wermuth
3227161,Jrgen Kiefer
144282470,Wei Pan
48300152,Ross L. Prentice
1730560,Alessandro Rinaldo
13175910,Clive R. Loader
2809313,W. Michael Hendricks
8923238,Roger Koenker
50495200,Chris J. Wild
50275561,Neil G. Shephard
1977240,Ruben H. Zamar
1830895,Robert L. Winkler
2613603,Jana Jureckov
103556459,Charles J. Stone
3034851,Mark H. Hansen
145880371,Charles L. Kooperberg
1891786,Young Truong
2262508,Jeffrey S. Simonoff
80577994,Ching Yun Wang
144145050,Stephen Portnoy
144004824,A. Delaigle
50601403,Peter F. Hall
144681380,Marc Aerts
38305760,Alexander Meister
39858929,John J. Beauchamp
34262429,Feifang Hu
35173031,Dale L. Zimmerman
48343674,David A. Harville
50874801,Edward I. George
2488952,David Alan Schoenfeld
48958450,Mei Cheng Wang
98377133,Marvin Zelen
145028132,T. Tony Cai
2869087,Charles E McCulloch
144022722,Stuart Coles
145661422,Jianwen Cai
3249921,Jiancheng Jiang
69499807,George R. Terrell
3447150,Ramon C. Littell
40528386,BingYi Jing
145785254,Peter J Diggle
48335463,Biao Zhang
49289914,Yin Xia
83495512,Rupert G. Miller
2861963,Joachim Kunert
143741626,Ping Zhong
2261249,ChihLing Tsai
145737605,Samuel Karlin
2748598,Solomon Kullback
1731053,Pranab Kumar Sen
145785165,Jun Shao
46221643,Hidehiko Ichimura
144543493,Donald A. Berry
1865076,Jeffrey H. Silber
2085638,Nicholas G. Polson
145434743,Jesse Windle
144932570,Wing Hung Wong
33836881,Peter D. Hoff
6087377,John J. Gart
1780869,Yuhong Yang
143802727,R. Dennis Cook
2095840,Alan M Zaslavsky
1695415,Ingrid Van Keilegom
93477376,Thomas P. Hettmansperger
144952368,Jon A. Wellner
145637531,Daniel Barry
2447668,Minge Xie
46193671,ChingShui Cheng
26957985,Peter H. Westfall
50763339,Jiahua Chen
2284686,Victor DeGruttola
2817272,Alan Agresti
145564815,Dominique Haughton
34616086,John E. Kolassa
32854168,David A. Freedman
48719966,Persi Diaconis
6856265,Norman E. Breslow
38092353,Kevin C. Cain
103073487,H. Desimone
48393332,Noel A Cressie
3078930,V. Susarla
2814156,John Van Ryzin
46231451,Clifford C. Clogg
1794435,Andrew B. Nobel
49461254,Cari G. Kaufman
49919436,B. L. Welch
145092945,Zhidong Bai
7721316,William F. Eddy
47001564,Yimei Li
144482122,Weili Lin
143618990,Bo Henry Lindqvist
145943396,Jeffrey S. Morris
143956777,Naisyin Wang
2416989,Joanne R. Lupton
145153845,Irne Gijbels
2182960,Russell V. Lenth
1959689,Yuchung J. Wang
144534010,JensPeter Kreiss
73429873,Efstathios Paparoditis
144947807,Philip J. Brown
9379477,Marina Vannucci
2560333,Tom Fearn
3371359,Richard L. Tweedie
144415243,Keith Knight
3081438,Randall Eubank
24800212,Margaret Sullivan Pepe
145761702,Matthew Stephens
2447157,Robert V. Foutz
144324293,Herbert T. Davis
72814570,Siem Jan Koopman
153636609,Istvan Berkes
145420186,Lajos Horvth
145807681,Michael G Hudgens
4677813,Kosuke Imai
31781461,Martin A. Tanner
2587578,Zhongyi Zhu
144681483,Peter M. Robinson
144031526,Donald R. Fraser
2184019,F. Jay Breidt
144846565,Jonathan E. Taylor
3011050,LouisPaul Rivest
2513353,Siem Jan Koopman
143676590,Malay Ghosh
28691985,Milton Sobel
145605141,Michael L. Stein
1920126,Victor J. Yohai
117269529,Steven Scott
101759977,Andrey Feuerverger
2637505,Dennis D. Cox
10721457,Ramanathan Gnanadesikan
145099512,Mark J. van der Laan
144720506,Mark F. J. Steel
4594844,Liqiang Ni
2242562,Roy E. Welsch
48861660,Hui Zou
40340102,Yingcun Xia
1982242,Vladimir Spokoiny
1696766,Muni S. Srivastava
40046402,Lawrence Brown
5396821,Galin L. Jones
89684937,Ronald C. Neath
1967384,Sidney J. Yakowitz
26061515,Yazhen Wang
69410608,E. B. Fowlkes
145178938,Natesh S. Pillai
102539957,WeiLiem Loh
66305115,David Roxbee Cox
1709392,David L. Donoho
152939360,Anirban Krishna Bhattacharya
35087983,Debdeep Pati
48203421,Jianqing Fan
90616510,David J. Strauss
2398627,Daniel Yekutieli
1960766,Steven G. Self
48455749,James M. Dickey
144630568,Paolo Giudici
144261879,R. Gray
144114092,M. Elizabeth Halloran
27406063,Bing Dong Li
39867082,Leo A. Goodman
2069286,Thomas A. Louis
143971172,Peter Hall
145053578,Lan Zhou
145336318,Josue G. Martinez
5387234,Arnab Maity
48613611,Veerabhadran Baladandayuthapani
36717818,Anthony C. Davison
70058259,Hira L. Koul
14942773,Mervyn Stone
70359473,James M. Dickey
144532701,Harvey Goldstein
46345617,David W. Scott
49799336,Martin Schlather
143973912,P. de Zaandam Jong
2042141,Alois Kneip
144921860,J. O. Ramsay
145909635,Nancy E. Heckman
50467915,Matt P. Wand
143983354,Richard Arnold Davis
1756670,Randal Douc
48139965,ric Moulines
46390017,Patricia M. Grambsch
3149653,Terry M. Therneau
3160324,Brunero Liseo
39210164,Cheng Yong Tang
35157864,William S. Cleveland
5578803,Paul W. Holland
15959844,Samuel Leinhardt
2575622,Sudipto Banerjee
144622349,Ruth Heller
2709920,Ingrid K. Glad
49642270,Anne Chao
1403906834,Christine JennenSteinmetz
3168585,Zhezhen Jin
49969052,Michael A. West
145766926,Sebastian Kurtek
39455159,John D. Kalbfleisch
3026286,Antonio Lijoi
144991580,Jayanta K. Ghosh
47210022,Ben B. Hansen
3623267,Arnold Zellner
40159987,Norman R. Draper
1806708,JaYong Koo
34387941,Jiayang Sun
2179313,Xiangrong Yin
1853215,Kengo Kato
2531231,Claudia Czado
145810704,Donglin Zeng
2638770,Berwin A. Turlach
144845489,A. Philip Dawid
3114532,Daniel Gervini
144258186,Nilanjan Chatterjee
52107125,Donald Ylvisaker
1897640,Hernando Ombao
32407682,Matt Taddy
5071371,Jim Albert
49885657,Paul R. Rosenbaum
30029346,Marc Hallin
52121655,Bas J. M. Werker
143802725,R. Dennis Cook
143848301,M. C. Jones
2560724,Michael R. Kosorok
143953625,Kenneth Lange
1941834,Nicolai Meinshausen
143862305,John Rice
145736253,Vladimir Spokoiny
1886383,Mohsen Pourahmadi
39464084,Henry E. Daniels
2313661,Eric Moulines
39394905,R. Douglas Martin
5162221,Ilaria Dimatteo
2264370,Christopher R. Genovese
4710675,Shelby J. Haberman
7135376,Ryan J. Tibshirani
2142709,Jonathan D. Taylor
3246901,Paul Fearnhead
2660689,Omiros Papaspiliopoulos
144418194,Marc Hoffmann
1844642,Zongming Ma
1746680,Yihong Wu
39278675,Alessandra Guglielmi
144389145,Andrew Gelman
122657211,Carlos M. Carvalho
2611218,Laura M. Sangalli
153871530,Timothy Ramsay
1784986,Vladimir Koltchinskii
2461412,Gran Kauermann
152235246,Peter Buhlmann
36130539,Jim E. Griffin
2119158,Christopher K. Wikle
145430701,Judea Pearl
2283295,Ronald H. Randles
30454224,Changbao Wu
35215721,Rainer von Sachs
2518560,Faming Liang
22702756,Noureddine El Karoui
47703194,Weiyann Tsai
15918026,Jeffrey D. Hart
1680202,Frank Bretz
49520821,Jeffry R. Cook
50310678,Leonard A. Stefanski
145733439,Grace Wahba
2240721,Andrea Rotnitzky
145825806,Peter Bhlmann
3176417,Alfonso Gordaliza
103225382,Janet M. Begun
66603255,William Jackson Hall
49015891,Weimin Huang
46759683,Albert Y. Lo
3026075,Alexandre Belloni
26331346,Victor Chernozhukov
34961878,Qiwei Yao
2378652,Richard A. Olshen
35423108,L. Mark Berliner
47707569,Lothar Sroka
1965528,Richard D. Gill
3054763,Alexandros Beskos
2829946,Genshiro Kitagawa
145021140,Peter Hall
1891766,JingHao Xue
3179471,David M. Zucker
32807000,Ingram Olkin
2206362,Chuanhai Liu
39092098,Ying Nian Wu
52451583,Maria J. Bayarri
145346320,Dean P. Foster
49406642,David R. Hunter
47944547,Paul Whittle
2130768,Mark J. Schervish
2085276,Alexander Balke
71547266,J. N. K. Rao
52241882,Oleg V. Lepski
144928357,Yehuda Vardi
2108020,Larry A. Shepp
10706913,Linda Kaufman
1722019,Bodhisattva Sen
114473364,HansGeorg Muller
49610123,Louise Ryan
2905095,Douglas P. Wiens
144505108,Zhi Jie Geng
3209384,Grace Y. Yi
3005204,Changliang Zou
145924374,L. Birge
34533426,Ruoqing Zhu
145676694,Mitchell H. Gail
144837117,Jeremy m. G. Taylor
144114908,Sally Wood
50006480,Yuan Ji
145943397,Jeffrey S. Morris
143634582,Stefanie Biedermann
2705145,Claudia Tebaldi
49721822,David Siegmund
90466281,Danyu Lin
20471527,Tailen Hsing
2180185,Adelchi Azzalini
144350237,Jerome Sacks
2196654,Tengyao Wang
89968970,Richard J. Samworth
144530599,Gauri S. Datta
145993129,Daniel Pea
35169560,Jerald F. Lawless
50695098,Suojin Wang
3447771,Brett Presnell
2225350,Sandrine Dudoit
2711125,Jane Fridlyand
29989822,Terence P. Speed
1835233,Ian L. Dryden
49413185,E. J. Hannan
1701800,Arnaud Doucet
2119543,Roman Holenstein
3357632,Sandy Clarke
2934481,Kjell A. Doksum
145760432,Xu Han
48588077,Weijie Gu
89502468,Richard L. Dykstra
35218311,Thomas E. Wehrly
1423299574,Finbarr OSullivan
2516671,Mortaza Jamshidian
2210927,Michele Guindani
49422868,Jiming Jiang
3176392,Yunzhang Zhu
70513386,Robert Fox
3037396,Sam Efromovich
4675863,Fadoua Balabdaoui
1806772,J. A. Wellner
48775815,Yosef Hochberg
70018359,Joyce van Zanten
10567731,Stuart G. Baker
144534832,Alastair Scott
40633718,Daniela M. Witten
46454437,Jae Kwang Kim
144410210,Tom Leonard
144346838,Min Yang
145246973,N. G. N. Prasad
4905393,Edmund A. Gehan
2050895,Steffen L. Lauritzen
2985238,Kilani Ghoudi
1999987,Marie Davidian
82857947,David E. Tyler
1963591,Andreas Buja
39643636,Ping Zhang
10726446,Thomas S. Richardson
90066894,Marc Hallin
38108019,Parthasarathi Lahiri
145420397,Ryan Martin
2054579,Michael K. Pitt
66997081,George Deligiannidis
144923779,Bin Yu
1423832257,Yacine AtSahalia
1783985,Anthony N. Pettitt
90411551,Helene Massam
143732623,Lingzhou Xue
145844285,Hui Zou
3089732,Siddhartha Chib
1949352,Annie Qu
49566894,Clive W. J. Granger
145263585,K. B. Kulasekera
143975609,Nancy Reid
1692759,Alexander Goldenshluger
47210165,Debajyoti Sinha
30120418,Hulin Wu
143882391,Zhaojun Wang
35194933,Subhash R. Lele
37702574,Albert W. Marshall
143868576,Anuj Srivastava
144984764,Eric Klassen
37457254,Zhaohua Ding
49046932,Philip Hougaard
1928376,Ivan Mizera
66986533,MeiCheng Wang
2736409,ChinTsang Chiang
2069324,David S. Stoffer
46503154,Michael A. Martin
153406918,Stephen P. Brooks
145549963,Richard J. Marshall
50339639,Jason C Hsu
18426824,Roger L. Berger
144163716,Hani Doss
8939006,Jiti Gao
143776736,Howell Tong
152305680,Subhashis Ghosal
73405226,Peter Hall
2322001,Thomas S. Shively
5139377,Babette A. Brumback
49895077,Yudi Pawitan
6765383,William F Rosenberger
3209910,Kanti V. Mardia
34626641,Arnold Janssen
4362653,Nicholas I. Fisher
46394484,Yuedong Wang
2809590,MingYen Cheng
123394004,Peter Hall
2595359,Ricardo A. Maronna
143888620,Zhao Ren
2079028,Katja Ickstadt
2020309,Robert L. Wolpert
2089883,Walter R. Gilks
50748268,Carlo Berzuini
1830755,David G. T. Denison
46392312,Peter J. Bickel
50824238,Hongxiao Zhu
48893922,Sue Leurgans
1403355755,Yacine AitSahalia
49800308,Bernard W. Silverman
145543180,Thomas C. M. Lee
49491973,Milton E. Terry
70496780,Mark S. Handcock
50858920,Gerhard Hommel
144369967,David Firth
48379592,Ying Zhang
50535559,Jian Huang
144072410,Shuangge Ma
1401911230,Yacine AtSahalia
37673354,Partha Lahiri
2547829,Brian S. Yandell
14907904,Tore Schweder
11814819,James Pickands
81408883,Mary Cover Jones
35345417,Adam J. Rothman
6419344,Charles W. Dunnett
3269378,Peide Shi
3248364,Ajit C. Tamhane
33621059,Colin O. Wu
4710504,Donald R Hoover
2139597,Aurore Delaigle
3011947,Fabrizia Mealli
2876554,Frank Proschan
48627980,Ritei Shibata
2576219,Sujit K. Sahu
70503665,John H. van Zanten
2088671,CiRen Jiang
38631491,Yijun Zuo
32663420,Hengjian Cui
144454468,Liang Peng
36904159,Ji Zhu
1403336014,Juan Antonio CuestaAlbertos
51912469,Richard Nickl
2155227,Florentina Bunea
2417924,Marten H. Wegkamp
2729468,Noel Cressie
143868599,Ming Dai
2181186,Stuart R. Lipsitz
8502741,Bjrn H. Auestad
49267750,Julie M. Legler
9845645,Louise Ryan
30065150,Sarah M. Nusser
48683857,Alicia L. Carriquiry
3773415,Kevin W. Dodd
2342047,PaiLing Li
47528293,Wenyang Zhang
9695556,Alan H. Welsh
34583146,Richard D. Cook
34491763,Lexin Li
2565700,Debashis Paul
38702159,John Q. Su
2569170,Jens Ledet Jensen
5620093,Ruth Marcus
5422773,Ralph F. Milliff
40383244,Doug Nychka
144344760,XiaoHua Zhou
145241414,Chris Field
2297898,Peter B. Gilbert
2457571,Philip T. Reiss
1816048,Saharon Rosset
143798345,Burkhardt Seifert
34810125,David O. Siegmund
143764828,Keith J. Worsley
2193729,YingYing Fan
39417766,James Durbin
50130827,Sylvia Richardson
2233325,Naijun Sha
2673932,Terence P. Speed
144427783,Peter Donnelly
48513749,Yi Li
2856876,Thomas Mikosch
1813527,Domenico Marinucci
73289301,WingKam Fung
1692982,David A. Van Dyk
2938115,Thomas R. Belin
49301744,Jennifer L. Wadsworth
1835479,Danny Pfeffermann
2655181,Colin L. Mallows
1984825,Marc Hallin
3247165,Lue Ping Zhao
144738994,Hannes Leeb
145637018,Gareth M. James
49606607,Jing Wang
145126975,Kun Chen
34687328,KungSik Chan
3207202,Nils Chr. Stenseth
1785446,Nicolas W. Hengartner
10085179,Ian R. James
2137058,Ursula Gather
66478704,Finbarr OSullivan
101207236,Michael Escobar
2213800,Friedrich Pukelsheim
145131125,Angelika Rohde
2089460,YiHau Chen
47528361,Wenyang Zhang
47243284,Michael M. Ikeda
7591234,Min Kyung Kim
145019044,Naomi Altman
144706664,Paul Janssen
2913285,Brian J. Reich
13578005,James S. Hodges
30762848,Tobias Rydn
145403452,Giles Hooker
145581490,Da Campbell
40093150,Jiguo Cao
102303188,D. Feldman
144121247,John D. Storey
15974963,Arlette M. Smith
48103618,I. Verdinelli
40582236,Michael E. Sobel
145401373,Rui Song
2642898,Peter J. Brockwell
49352808,Keming Yu
123402533,Michael C. Jones
2128056,Surya T. Tokdar
2108139,James G. Booth
50023967,Yehua Li
1710305,David Madigan
72746778,Yehuda Vardi
144030094,J. Sainte Claire Deville
2247552,Edoardo M. Airoldi
50679934,Yoav Benjamini
46806207,Bin Yu
1847200,Guy P. Nason
4442339,LiShan Huang
144394828,Laurens de Haan
1402804932,Kumar Joagdev
15155803,Michael C. Minnotte
1880085,Philip B. Stark
143676592,Malay Ghosh
10086045,Henry P. Wynn
1760376,Shinto Eguchi
120440827,J. Sunil Rao
39666265,Markus Rei
83804131,Chris J. Skinner
3848586,John M Lachin
32722726,Batrice Laurent
4628585,Yoonkyung Lee
36127870,Gail Gong
5787068,ChenHsin Chen
113548208,Hemant Ishwaran
144236955,Guosheng Yin
121641433,W D Hastings
2587774,John T. Kent
10305962,William B. Capra
2593810,Nicolas Chopin
144250286,Dennis Mueller
103257857,G. Sawitzki
3072213,Julian Besag
2367946,Jean D. Opsomer
3033951,Alexander Aue
145543179,T. C. M. Lee
46484508,Liang fu Peng
47694992,Luke Tierney
144902113,Eva Herrmann
20658113,Andrew R. Barron
102716982,R. A. Gaskins
49729971,Bing Li
32734155,Eric B. Laber
39877807,Soumendra Nath Lahiri
37382925,Roderick P. McDonald
2660781,Kenneth A. Bollen
47036346,Curtis B. Storlie
2516166,Jorma Rissanen
3875031,Stephen W. Lagakos
3050880,Hendrik P. Lopuha
46561467,Mathieu Rosenbaum
121427956,C. A. Struthers
40474857,Weidong Liu
1941450,Paul D. Sampson
1926089,Daowen Zhang
90286912,Dacheng Xiu
13864091,Wenbin Lu
145648669,Y. Amemiya
47243480,Fang Lian Yao
90491982,Nicolai Meinshausen
21448361,Richard Holubkov
1967309,Richard A. B. Johnson
47471111,Pengfei Li
47740487,Jiahua Chen
48081785,Nanny Wermuth
49182585,James R. Wallis
70296570,Wolfgang Karl Hardle
145625307,Elias Moreno
4845024,Francis John Anscombe
143956778,Naisyin Wang
12979923,R. W. M. Wedderburn
77093216,S. C. Cheng
50081555,Li Xin Zhang
15246904,Liping Zhu
49836031,LiXing Zhu
2640743,Zhenghui Feng
6715139,Mary D. Sammel
144915371,Judith Rousseau
47321046,Sourav Chatterjee
50605694,George Y. C. Wong
2777800,Karim Lounici
1763945,Yongdai Kim
4209348,Jaeyong Lee
144134946,Jan Mielniczuk
2213239,Hansheng Wang
144382108,Guodong Li
47731881,Raymond J. Carroll
48169476,Lan Wang
114646334,Silke Thies
103217722,Luis R Pericchi
2117118,Stefan Sperlich
51330835,Yu Ching Lin
145434956,Ronald Klein
20722720,Barbara E. K. Klein
2310304,Igor Prnster
47166316,Joseph B. Lang
46813209,Liping Zhu
144599698,Yang Feng
1822464,Klaus J. Utikal
145400502,Hongyu Zhao
145826029,K R Fang
70039863,Charles F. Manski
144663883,Michael Nussbaum
2246552,Stephan R. Sain
3294982,Dominique Bontemps
143644543,N. E. Day
1839473,Tilmann Gneiting
143773129,Danyu Lin
145151972,David Pierce
145692989,Peter C. B. Phillips
3041232,Walter W. Hauck
46345787,Kannan Natarajan
4039554,Thomas W. Stroud
153040992,Robert Gray
1723759,Eric D. Kolaczyk
91974201,N. Reid
2154667,Jacob Bien
40480364,Huiyan Sang
51959353,Bernhard Flury
103019512,Jean D. Opsomer
50492892,Pengfei Li
2626305,Ian W. McKeague
1876131,Charles J. Geyer
3385742,Friedrich Gtze
1398522354,Ery AriasCastro
3193922,Nial Friel
3226094,Pascal Massart
2218687,Peter Rousseeuw
2552624,Robert E. Weiss
2344004,Shubhankar Ray
41329889,Yan Yu
3197996,John Stufken
2194841,Hvard Rue
145833477,Michael Goldstein
13596895,Edwin Y. Choi
143725180,Peter Mller
48514138,Yehua Li
144991582,Jayanta Ghosh
144786073,Alexander Shapiro
1954400,Joan G. Staniswalis
46692967,Jianqing Fan
144921859,James O. Ramsay
144023064,Vincent Q. Vu
48175500,Jing Lei
144294100,Charles Stein
39915696,Haibo Zhou
2946202,Yingxing Li
145727325,Chenlei Leng
2756303,Sanat K. Sarkar
1693972,Carey E. Priebe
145980633,Constantine Frangakis
4529017,Amy H. Herring
1806591,Gilles Celeux
2457186,Nicolai Bissantz
39258458,B. K. Mallick
50131428,Robert J. Serfling
49235591,William J. Raynor
3098280,Francesca Chiaromonte
144209397,Jos M. Bernardo
8766747,Osnat Stramer
2788351,Richard J. Samworth
35059115,Evarist Gin
66394534,Leo Breiman
1693668,Kenji Fukumizu
144630979,Hung Chen
33100261,Jonathan Rougier
35946980,Xinwei Deng
2091710,Markus Kalisch
1950729,Marloes H. Maathuis
143687421,Louise Ryan
145826864,A. K. Md. Ehsanes Saleh
143926110,Byeong U. Park
50445857,Cunhui Zhang
50676519,David M. Steinberg
144140628,Clifford M. Hurvich
145785166,Jun Shao
50604477,Michael C. Jones
50675395,Harold Hotelling
4183165,Piet Groeneboom
144075214,Lukas Meier
2006869,Emmanuel J. Cands
1694621,Michael I. Jordan
3246717,HeeSeok Oh
47177815,Sajiv John
1986243,Yeonseung Chung
50589445,LeeJen Wei
2307712,Xiwu Lin
48039869,Dong Xiang
2999112,Fangyu Gao
3069617,Kerrie L. Mengersen
32003694,Christian P. Robert
2145548,Kehui Chen
152122056,Rong Chen
144861798,Chris Fraley
72552305,Wilbert C.M. Kallenberg
10419118,Teresa Ledwina
145312190,R. Pyke
2302701,Joseph L. Schafer
144206683,Haonan Wang
49772221,Malka Gorfine
8997548,Hanfeng Chen
46626098,Gareth O. Roberts
1690614,Zhen Luo
1976137,Grace Wahba
3252021,HsinCheng Huang
145508089,Han Liu
1945131,Markus Roters
3169833,Quentin Berthet
93987441,Ingrid Van Keilegom
2857518,Chris A. J. Klaassen
52407335,Willem R. van Zwet
1940156,Terry J. Wagner
29961005,M. Parzen
46659626,Lifeng Wang
2980895,William D. Sudderth
2025123,Felix Abramovich
2701677,Edward Carlstein
3301938,Richard C. Liu
143608138,Brenda MacGibbon
145737526,D. A. Dickey
1808769,Ola G. Hssjer
144296220,Wei Zhong
30660465,Martin Crowder
144232132,Scott M. Berry
2890914,William R. Schucany
145281932,Tao Huang
48927714,Weihua Cao
145392702,Peter John Green
20365503,Peter Mller
143973163,Qing Mai
49421859,Yufeng Liu
145606663,Robin Thompson
52372054,Jan H. Wretman
1399393405,Jesper Mller
103090877,ChyongHwa Sheu
35096678,Moulinath Banerjee
3226535,Ivan Jeliazkov
145006560,Lawrence Carin
84077202,James Booth
2983291,Athanasios Kottas
144349450,Christian Ritter
46737459,Peng Zhao
2050171,Guilherme V. Rocha
144480240,Montserrat Fuentes
48346054,Gideon Schwarz
2098744,Nicholas A. Heard
3201357,LiXing Zhu
143910876,C Genovese
40023580,Jem N. Corcoran
2107277,Mathias Drton
33596206,Adrian W. Bowman
100873106,Alexander B. Tsybakov
40592241,Marco Perone Pacifico
33086027,Lawrence Harvey Wasserman
144144930,Richard I. A. Davis
36100662,Peter Mller
1708961,Simon J. Godsill
40953363,Peter R. Hall
2007728,Liliana Forzani
5244812,Chaoming J. Wu
1912126,Brian G. Leroux
143777878,Peng Ding
2507519,Purnamrita Sarkar
3005867,Peter F. Thall
144315590,Tong Zhang
34094892,Jonathan Raz
102812860,William E. Wecker
144711558,Dimitris N. Politis
144611154,Dmitry Panchenko
46880385,Chris Carter
145241415,Chris Field
2502991,Lance A. Waller
143645376,Hong Xia
101331089,Adrian E. Raftery
89107742,Ruben Dezeure
104496156,Jiashun Jin
6971086,Donna K. Pauler
2856152,Emanuel Parzen
143998066,Mike West
1887111,Allan H. Seheult
38654394,Shenmin Zhang
103163309,Sndor Csrg
89234162,Alexander Samarov
143648560,Peter Spirtes
3376072,Geurt Jongbloed
48058131,Peter M. Mller
9168263,Zhiqiang Tan
48093270,Janeling Wang
1968333,Robertas Gabrys
32675132,Lisa Weissfeld
145947081,Jing Qin
101504266,Purushottam W. Laud
144683146,Gareth Roberts
144893329,Frank Rudolf Hampel
2792323,Thomas S. Ferguson
5950239,YingQi Zhao
4801654,Yali Amit
48523868,Christopher L. Bush
144306317,Keith A. Baggerly
2388276,Robert B. Gramacy
40382539,Robert William Reeves
5114174,Kasper Klitgaard Berthelsen
5449343,Erik T Parner
82837007,CarlErik Srndal
1728700,Eric T. Bradlow
145258822,Jing Lei
145328337,Thomas S. Richardson
2520031,Andrey Pepelyshev
144072412,Shuangge Ma
145064630,Pascal Sarda
2576588,Eitan Greenshtein
34828891,Yongmiao Hong
50054917,Wensheng Guo
1717327,John D. Storey
102898045,Ching Zong Wei
3523738,Rahul Mazumder
1812538,Fumiyasu Komaki
66716399,Heinz Kaufmann
3477486,Matthew Reimherr
1934367,Thomas Kneib
47209015,Alan Julian Izenman
3015507,JeanYves Audibert
35223189,Sungkyu Jung
1875963,Tadeusz Inglot
145519771,Peter L De Hoff
145880785,David Higdon
3680734,Maryfran Sowers
122416726,Neil Shephard
145720948,Chong Gu
145518768,Barbara E K Klein
35907952,Hui Jiang
34766525,Julia Salzman
37149351,Susan E. Hills
3294562,Davy Paindaveine
4069895,Richard D. Gill
2406771,Guohua Zou
2824574,Purushottam W. Laud
1760178,Bernd Sturmfels
48143322,Shurong Zheng
37718006,Jiashun Jin
70416525,Wassily Hoeffding
1816731,Joseph E. Lucas
49504816,Augustine Kong
46701227,Jun S. H. Liu
1948305,Walter Racugno
70349065,Miriam Gasko
123010939,Adrian F. M. Smith
71155462,Adelchi Azzalini
1756798,Imre Csiszr
145414560,Elizabeth A Thompson
143825649,Marie Davidian
12097660,Yannick Baraud
143665985,Y. D. Zhu
143748186,Peng Zeng
80141532,Ross L. Prentice
1964834,Thomas Sellke
1920753,David S. Choi
1749684,Patrick J. Wolfe
1795344,Ofer Zeitouni
2208917,William Kleiber
49410902,Hernando C. Ombao
34741699,Thorsten Wagner
49219399,Shuyun Zhou
50457546,Xiaotong Shen
153081077,D A Wolfe
4383311,Jonathan Raz
3621365,B A Malow
47101136,XiaoLi Meng
143759045,Peter Jeffry Smith
144522893,Rong Chen
39747992,Maria De Iorio
46921640,Steven MacEachern
1818391,Gerard Kerkyacharian
1945950,Ori Rosen
72434203,Zongwu Cai
103593826,Harrison H. Zhou
66527800,Hsi Guang Sung
40624495,Elihu H. Estey
2351927,Alberto Roverato
144209398,Jos M. Bernardo
39772279,Junni L. Zhang
2666267,Tatyana Krivobokova
102921169,H. B. Kushner
40166552,Joachim von Braun
4211175,Ruedi K. Braun
145338503,H.G. Muller
72564507,Ranjini Natarajan
2816295,Liugen Xue
6473877,Yun Sam Chong
50656755,Qing Yuan Zhou
36851747,Kenny Q. Ye
3025378,Subharup Guha
46608170,Jerry Halpern
144616811,Juan Du
144838173,Hao Zhang
2859213,V. Mandrekar
143797903,Tong Zhang
2557236,Lan Xue
143898747,Sander Greenland
47487055,Pin Pin. Ng
38329920,Stephen L. Portnoy
2082568,Michael H. Neumann
48219912,Dandan Jiang
40040335,JianFeng Yao
3371112,Luke Tierney
2490458,William Eric Barlow
31878411,Morten Frydenberg
2733889,Jiahua Chen
89604932,Siegfried Hormann
48207004,Lan Zhou
1709014,Vic Patrangenaru
1796335,David M. Blei
35962580,Anna Clara Monti
152498709,D. Lin
152296784,L. J. Wei
48969278,Zhijie Xiao
103129412,Grard Kerkyacharian
145897897,Dominique Picard
3194361,Stuart Geman
1955900,ChiiRuey Hwang
3339045,J. Parelius
3924558,Patricia L Davies
47593026,Tong Zhang
153775001,B. W. Silverman
144319330,J. Sunil Rao
2795331,Yuexiao Dong
2644289,Minggao Gu
144509392,Peter S. Craig
2914141,Trivellore E. Raghunathan
49680679,Lu Wang
24442924,Tiefeng Jiang
40405387,Neal Thomas
144217892,Tom A. B. Snijders
2407858,John A. Cafeo
1404774720,Gonzalo GarcaDonato
145364885,Xi Luo
38565892,Cline Vial
34888176,Jeffrey Chang
144688244,Joseph R. Nevins
2100224,Quanli Wang
50621486,Qihua Wang
1403838656,Amy RacinePoon
5632967,Alaattin Erkanli
5644684,Christine Waternaux
16645877,Charles E. Antoniak
1782193,Ingo Steinwart
2360729,Jeffrey S. Racine
1682467,Qi Li
31889131,Gbor J. Szkely
144466895,Maria L. Rizzo
90880484,Nail Kutluzhanovich Bakirov
2656653,Jennifer A. Hoeting
50668803,Gran Kauermann
1721860,Martin J. Wainwright
2920849,Haeran Cho
39506745,Haipeng Shen
47593548,Kalyan Das
144662851,Rabi Bhattacharya
144114788,Peter Radchenko
36045956,Philip J Harrison
3019460,Helio S. Migon
144085135,Michael B. Woodroofe
144570279,Francis R. Bach
77702660,Daniel Krewski
33369108,Zehua Chen
36470132,Philip M. Hartigan
143795793,Efstathia Bura
153757868,E. L. Kaplan
49317214,Paul T. Meier
2479162,Marc Raimondo
32524587,Susan J. Devlin
38684516,Yejun Qin
50475322,Brian J. Williams
1992632,Elaine L. Zanutto
94158396,G. Bennett
2549124,Jrg Polzehl
2178730,Sonia Petrone
2204820,Christopher J. Nachtsheim
153460232,Christopher C. Holmes
4465035,David A. Stephens
48435857,Arkadii S. Nemirovski
102343071,Benedikt M. Poetscher
143700529,David Harold Blackwell
2585746,Christophe Crambes
102361208,Jeankyung Kim
143971179,Peter Christian Hall
48213289,Hao Zhang
145851085,L. Cavalier
2229074,Patrick J. Heagerty
2312909,Nema Dean
46667314,Greg C. G. Wei
13338923,Greta M. Ljung
34680388,Yiyuan She
22930906,J. O. Berger
1775391,Xinyu Zhang
1830502,Dennis K. J. Lin
2737945,Hirotugu Akaike
47799435,Richard Lawrence Smith
49651479,D. G. Horvitz
88167972,Donovan J. Thompson
11422005,Nidhan Choudhuri
48934972,Chunming Zhang
47539785,Jian Zhang
144226866,Emmanuel Lesaffre
1410546898,Ole Barndorffnielsen
8307052,Kwai S. Chan
4174014,M V Bravington
5032964,Sharon L. Hedley
144061880,G. K. Golubev
69401379,Alexandre B. Tsybakov
2883383,Lynn Kuo
144938990,Antonio Cuevas
36799218,Zhibiao Zhao
1745169,Peter L. Bartlett
1698617,Olivier Bousquet
40585264,Li Wang
5169693,Virginia Goss Tusher
144527211,Dan Geiger
143917904,B. J. K. Kleijn
35991412,Francesco Bertolino
49888389,Florin Vaida
3813893,Suzette Blanchard
51064058,Jushan Bai
36695422,Ilun Yang
50226276,David Rossell
145945278,Gilles Blanchard
3222913,Catherine Matias
2174182,Pierre Priouret
1800179,Yaniv Plan
46250939,YingLi Qin
145086125,William Suhs Cleveland
2985732,Ryuei Nishii
38143344,Edward Heddy Iii George
51215803,LiXin Zhang
46614666,R. Todd Ogden
145533704,Fernando A. Quintana
2679457,Johan Lindstrm
4052106,Seymour Geisser
145993325,Stephen Walker
145054571,John Copas
2086814,Fred W. Huffer
94625454,B. C. Van Zomeren
49344341,Norman Breslow
49492219,David G. Clayton
103723833,Marian Hristache
49663638,Weidong Liu
49569787,Peter Mueller
31800086,Jonathan D. Buckley
5532476,Michael S Wulfsohn
81768614,Dawn Peters
144288075,Robert P. Gage
40844465,Zongwu Cai
49274309,Anindya Roy
2421201,Jason D. Lee
36293462,Dennis L. Sun
3340442,Yuekai Sun
52186540,Richard Berk
153266750,Lawrence Brown
46459304,Kai Zhang
46867772,Yiyun Zhang
4778939,Yair Heller
47709602,Leah Ruth Jager
2844901,G. Kroisandt
32714180,Dave Higdon
102661255,James R. Gattiker
91674058,Maria L. Rightley
47559178,Yong Chen
102576026,Songqiao Wen
2662249,Noah Gans
1802581,Avishai Mandelbaum
5231812,A. P. Sakov
2146823,Sergey Zeltyn
78738843,Sam Wieand
50478990,Steven Piantadosi
39570630,Naiping Liu
6622306,Linxu Liu
66759865,Joshua David Angrist
1898314,Krzysztof Nowicki
2023581,Anestis Antoniadis
9389040,Yuichi Kitamura
145541852,Avipsita Chatterjee
49176766,Rabindra Nath Bhattacharya
25397103,Jim Kay
2443705,Clive R. Loader
48701673,John A. Rice
1715204,Nicolas Vayatis
49681216,Lan Wang
116156469,Sara Marie Martino
1813366,Chris J. Wild
1778681,Hosik Choi
89418367,M. Hristache
1785222,Pilar Loreto Iglesias
93225534,Jr. Joe H. Ward
49251954,Jianwei Chen
10437417,A. Tsodikov
143905123,Andrej Yu. Yakovlev
46499311,James R. Cook
153598144,Neil Shephard
49890682,Ying Zhang
41330756,Tao Huang
48219038,Bing Li
47672606,Shaoli Wang
144219781,Bin Yu
3043667,Yingli Qin
46771897,Xin Chen
70678968,George E. Battese
102089217,Rachel Margaret Harter
34499319,Gardar Jhannesson
1704699,Massimiliano Pontil
2315163,Torben G. Andersen
2702465,Tim Bollerslev
97249276,Francis X. Diebold
69380120,Paul Labys
71788673,Bo Li
7577899,Jessica Minnier
103014281,Peritz Eric
23221367,Timothy C. Haas
3065687,Deepankar Basu
1725303,Yee Whye Teh
1773821,Matthew J. Beal
48881827,Runze Li
29465527,C. K. Chu
144051646,Victor De Oliveira
143653243,Brunilde Sans
2929300,Sijian Wang
113646036,Raphal Huser
117543271,A. C. Davison
50604120,Michael C. Jones
121838305,Anatole Juditsky
1800127,Tingni Sun
144278034,E. S. Page
35802057,Ismael Ojeda Castillo
49746508,Pierre Del Moral
2001449,Gersende Fort
145744714,Tim Ramsay
2289448,Mahlet G. Tadesse
50858603,Cary Tsuguo Isaki
35268368,Baiqi Miao
145203884,Hongyuan Zha
2438054,Ramss H. Mena
37314148,Weidong Liu
47513157,Jian Meng Huang
1405497043,Mohammad HosseiniNasab
2811358,John Bunge
50783077,Marilyn Fitzpatrick
145069347,Guenther Walther
48353767,Haobo Ren
40424956,Pengsheng Ji
39082503,Tao Wang
144055623,Andreas Artemiou
46649155,Thorsten Dickhaus
89287908,Markus Roters
1746242,Stphane Mallat
32746202,Arthur Y. C. Lu
35535410,Robert F. Engle
143689789,David Pollard
144775415,A. Capitanio
21757674,Iain Johnstone
10652705,Kyusang Yu
49978160,Michael Scott Smith
47508223,Ying Liang Wei
102761723,J. A. Sun
34816119,Max D. Morris
104537710,James B. MacQueen
49430022,Jie Peng
46808675,Pei Wang
1959032,Nengfeng Zhou
102914572,Htrotugu Akaike
145487737,Tsuyoshi Nakamura
143790221,C. Scovel
3050789,Hakbae Lee
3288569,Harri T. Kiiveri
3028432,Tatiyana V. Apanasovich
1417953657,Cyr Emile Mlan
48950432,Chuanhua Xing
47841301,Ke Yu
145146091,Ming Yuan
35019283,Ali Ekici
6201715,Zhaosong Lu
2066016,Renato C. Monteiro
143911236,Danilo Mercurio
48563091,Zhishen Ye
3545742,Yehua Li
3320545,KungYee Liang
145969795,Pradeep Ravikumar
145534285,John Lafferty
144547810,G. Freitag
1422162721,Didier DacunhaCastelle
143870772,Juan Romo
143875940,Jian Guo
2755639,Brad McNeney
50416291,Alexandra M. Schmidt
69859390,James Arthur Robins
48606401,Edward Greenberg
6774322,Olga Geling
102799477,Jeffrey D. Maca
144209400,Jose M. Bernardo
1412042613,Gabriel A. RodrguezYam
2569722,Karine Tribouley
95335812,Peter H. Peskun
1739581,John D. Lafferty
2630302,Idris A. Eckley
116294046,R. V. Ramamoorthi
1407994592,Sara LpezPintado
145088209,R. D. Martin
1402879341,Sylvia FrhwirthSchnatter
34999445,Michael A. Saunders
2769427,K. S. Knight
72825479,Ashoke Kumar Sinha
34355217,Elizabeth S. Allman
2724036,John A. Rhodes
143705769,M. Zarepour
12812582,Jerome H. Friedman
145644275,Ya Xue
114498127,Antonio Lijoi
114895958,Igor Prnster
98756102,A. John Rush
78764183,Rebecca Killick
50371794,Hui Ming Zou
16211808,Peter W. Gieser
47740158,Jianwei Chen
153035657,Fengkun Liu
144510615,Jess Palomo
145825924,Ragavachariar Parthasarathy
2487337,Rui Paulo
4034939,Dick Walsh
47305433,Zhezhen Jin
39438452,Andrew A. Weiss
50091206,Wenjiang Fu
2538779,Maria M. Barbieri
46287666,Saurabh Mukhopadhyay
145710475,Jos Pinheiro
2755213,Jon D. McAuliffe
48064494,Li Ping Yang
32494062,Apostolos Antoniadis
34691529,Jonathan R. M. Hosking
3000723,Louis Ferr
103290696,Byandreas Buja
102811386,Carla Currin
1695292,Richard J. Hathaway
36674058,Steven F. Arnold
2522917,Herold Dehling
48953282,Yongtao Guan
2294315,Els Goetghebeur
2007183,Bin Nan
1403563477,Johannes SchmidtHieber
1838198,Vijayan N. Nair
32492090,Rina Foygel Barber
2993078,Damla entrk
50689382,Hegang Chen
143791026,P. K. Bhattacharya
73393221,Ashis Kumar Gangopadhyay
40517221,G. K. Eagleson
145917169,R. A. Bailey
49097940,Norman Lee Johnson
32741853,Samuel Kotz
2437910,Douglas M. Bates
2470495,Martin Posch
47552489,Werner Brannath
2257822,J. Stufken
20675175,Yumou Qiu
21512118,Moshe Pollak
47287580,Ryan Elmore
2168548,Pietro Muliere
2818776,Nitin R. Patel
34728960,Larry B Goldstein
1897648,Daniel J. Nordman
2400157,Michael G. Kenward
49401043,SuChun Cheng
39947978,Guang Cheng
40650149,Ying Q. Chen
144663710,J. T. Gene Hwang
2983594,Jerome P. Reiter
29974180,David Bolin
47161902,Pallab K. Bhattacharya
145895780,Ishay Weissman
144620891,Gordon D. Simons
152263135,Zhou Zhou
39911273,Christopher G. Small
145947071,Jing Qin
12061739,Wenceslao Gonzlez Manteiga
1961915,Manuel A. Presedo Quindimil
48650470,Roy A. Bailey
143929611,L. J. Wei
2549916,Harold Sackrowitz
2459388,David R. Brillinger
47106318,Jerzy Neyman
145398580,Cidambi Srinivasan
47690203,John Leroy Folks
48528146,Erich Leo Lehmann
2014307,Natalie Neumeyer
6725274,John Brian Copas
3132397,Viatcheslav B. Melas
4473665,John J. Crowley
50625684,Marie Hu
144736301,Alan T. K. Wan
2998448,Guillaume Lecu
4476282,Victor M. Panaretos
144901204,David Kraus
2000820,Eric V. Slud
6229632,Mark D Schluchter
50167451,Paola Bortot
2532807,Heping Zhang
3534590,Robert K. Tsutakawa
6366432,Joseph W. Hogan
1398957675,Luis E. NietoBarajas
144791206,T. Opitz
2831694,Richard E. Quandt
69436157,Gerald L. Sievers
2741130,Jan Hannig
2087528,Lszl Gyrfi
9745969,Adam Krzyak
1938657,ChingKang Ing
144951024,Z. D. Bai
40212003,T. N. Sriram
2553766,D. X. Sun
145405002,Robin Henderson
4173210,Duane L. Steffey
48616434,David J. Spiegelhalter
153518021,RuoYong Yang
145150498,Paul Marriott
102843354,L. I. Hsu
145310502,A. Sadam Hedayat
48138370,Mark S. Kaiser
144084879,Roberto G. Gutierrez
19717424,Richard Samworth
39939165,Ying Zhang
46237651,Peter X.K. Song
46800245,David Robert Graham Cox
50259798,S. Stanley Young
35345313,Stanley Wasserman
145501149,Thomas R. Ten Have
4202241,Bradley D. Schultz
14261177,Lynn Weidman
2899111,Mette Langaas
2715099,Egil Ferkingstad
3029592,Robert S. Chapkin
145654352,Nancy D. Turner
8397456,Mee Young Hong
47731679,Raymond J. Carroll
3385141,Kay Tatsuoka
4014992,Stephen L. Rathbun
91079508,Robert J. Buehler
145508885,NanJung Hsu
36234815,Mark S. Bartlett
49433662,Emil Julius Gumbel
143764063,Carmen Fernandez
3356453,Sanjib Basu
144376129,Joseph Naus
144875783,S. James Press
77351751,MarcOlivier Boldi
143662655,Mai Zhou
29672798,Mathias Vetter
48660786,Lea Petrella
144632638,Paul Gustafson
152973800,Mark Bartlett
2454752,Kristin P. Lennox
32892885,Jerry W. Tsai
33489485,ShenMing Lee
2440923,Guido Consonni
34569932,Piero Veronese
145017099,Prabir Burman
32368040,J. C. Wakefield
145007587,J. F. Crook
3344419,Sadanori Konishi
49805840,David F. Signorini
15893139,William S. Krasker
39830054,Yijian Huang
90406846,Miguel A. Arcones
144603491,John Dominis Holt
3433117,Veronika Rockov
144974208,P. Richard Hahn
67049458,Gerhard Tutz
67163596,Leon Jay Gleser
46476820,Robert V. Hogg
143890476,Gary King
6469373,Kenneth N. Berk
36166927,Hohsuk Noh
49092457,Stuart J. Pocock
11755593,M. R. Sampford
153625939,D Y Lin
1389945855,Luis Angel GarcaEscudero
144173046,Ruth King
32583585,Robert F. Ling
31722372,James V. Zidek
69868428,Christopher R.J. Holmes
30158397,Vladimir N. Kulikov
39547240,Adrian J. Baddeley
5962775,Abdus S Wahed
46583811,Junhui Wang
3392160,William F. Massy
2050907,Andrew F. Neuwald
2043726,Charles E. Lawrence
1887059,WeiYin Loh
145549397,J Stefan Maritz
37406256,Yan Wang
103080316,L. R. Haff
14450277,Guy H. Orcutt
50859190,Mark A. Girolami
47871912,Piercesare Secchi
48502081,Guang Cheng
48368535,Richard H. Jones
103220849,Petros Dellaportas
40769901,S. D. Silvey
38482045,Ian S. Abramson
145849144,Peter Bauer
47243450,Fang Yao
48700578,Leonard J. Savage
2210389,Julie A. Stoner
1710627,Don McLeish
145306532,SharonLise T. Normand
50032368,Long Feng
121168523,EunYi Chung
5777884,Pengliang Zhao
3765164,Kinley Larntz
102702314,Frederic Paik Schoenberg
107685468,Marc Hallin
24115822,Roman Lika
143962714,Edsel A. Pea
34949056,Nicola G. Best
13193967,Edward W. Frees
38602377,Xin Zhang
6809329,Jyrki Mttnen
93289993,Prasad A. Naik
48699439,Robert B. Miller
144417193,Hongyu Jiang
88242908,Rick Chappell
47184411,Rajen Dinesh Shah
3222974,Toshio Honda
144325545,David M. Holland
145895518,W. Khler
145520371,Luciano Molinari
65932056,A. Prader
2242912,Peisong Han
48356327,Yijian Huang
1818156,Carlos Matrn
2906937,David P. Harrington
2218275,Tyler J. VanderWeele
144472234,Santiago Velilla
2662682,Glen A. Satten
144929928,Eric Bair
2887387,Alfred Kume
47890876,Huiling Le
40325722,Valerii V. Fedorov
145236647,Ram C. Tiwari
2098886,Karl W. Broman
5881069,Elizabeth S. Garrett
3055008,Ramaswamy Anbazhagan
3846532,Edward W. Gabrielson
1820422,Alfred Galichon
2409247,Joseph W. McKean
3281601,Robert J. Adler
92253959,Walter Khler
46439589,Gang Li
40371252,Bo Li
144414983,Robert Gray
2941981,Arend Voorman
101927473,Paul Kabaila
1878090,Dani Gamerman
32071187,Daniel Straumann
4929451,Klaus Strassburger
3224353,David S. Matteson
144403239,Itay Sherman
2086177,Robert J. Boik
144808770,Stuart Barber
46632272,Shelby J. Haberman
143996616,Teresa T. Pereira
143604030,Thuan Nguyen
39225544,Yongtao Guan
33564458,Craig J. Johns
41192861,Timothy G. F. Kittel
93156864,Christopher Daly
66113941,Alexei Onatski
51888126,Marcelo Jos Moreira
145127904,James A. Calvin
1732234,Jian Huang
46902350,Masayuki Henmi
35037091,Brajendra C. Sutradhar
72976378,T Debuene Chang
11674034,Holger Drees
7551469,Michael Brockmann
2907302,KuangYao Lee
5051733,Niels Keiding
49875870,Peter Sasieni
1781261,Mark W. Farmen
2558133,Suojin Wang
46730757,Constantinos Goutis
143753321,Ying Wei
145656106,Herman Rubin
145794742,Prakash Patil
50151398,X. M. Tu
40624280,Eugene Litvak
88908809,Stanislav Volgushev
36175535,Derek R. Bingham
144520117,Ronald B. Lee
98017811,Lawrence R. Carter
48377010,Jian Shi
3147399,C. F. Sirmans
3168810,Krzysztof Latuszynski
2444361,Xia Cui
49313500,Lanh Tat Tran
35466355,Minjing Tao
144560746,Jian Zou
1750370,Geof H. Givens
47949331,Guodong Li
2037129,Meta M. Voelker
30772036,Michael C. Ferris
23821732,Marlene Mller
153475764,Jonathan Wakefield
46693044,Junxuan Fan
1935957,Clarice R. Weinberg
1687119,Edward J. Wegman
145558643,Peter T. Kim
15659058,Thomas W. Sager
49144358,T. E. Raghunathan
51024248,Joel L. Horowitz
88741292,Katsumi Shimotsu
145514334,Y Shen
144206082,Jared Murray
48212763,Heping Zhang
50033772,Robert D. Nowak
34382938,Dennis K. Pearl
48624020,Stephen C. Peters
77474172,Robert E. Tarone
32588087,Richard A. Redner
145663538,Xiaodong Luo
13709499,Gilbert Bassett
2453631,Roger W. Koenker
49379932,Arthur V. Peterson
49330551,Lisha Chen
34616072,Malgorzata Bogdan
89845683,Arijit Chakrabarti
2638433,Florian Frommlet
46543708,Sally Percival Wood
48120623,B. M. Brown
145486321,John Barnard
145166665,Juergen Kiefer
50579638,Yuguo Chen
34843123,Hajo Holzmann
2488672,Zhigang Bao
2239622,Torben Martinussen
47570859,S. Vansteelandt
100522103,Mohsen Pourahmadi
2122218,George V. Moustakides
46660600,Susan J. Devlin
4506601,Susanne M. Schennach
2192827,Yuhyun Park
50196081,Gilbert Mackenzie
2992007,Vivekananda Roy
143782651,G. Jogesh Babu
9303412,Arjun Kumar Gupta
91519416,Chingzong Wei
46314578,Hoben Thomas
16329809,Janet E. Heffernan
1393648259,R. K. Crump
1397938624,V. J. Hotz
1397938743,G. W. Imbens
1392951462,O. A. Mitnik
143782067,Lopold Simar
47054657,Junmian Zhu
2156024,Sanjay Chaudhuri
144298798,Halbert White
34750239,David J. Nott
2358638,Madeleine Cule
84238007,Mj Stewart
102717431,Steinar Bjerve
3145913,Barbara Pacini
88741529,Denis Chetverikov
3061334,Xianchao Xie
2730621,Min Tsao
52102184,Feike C. Drost
49442912,Ashish Kumar Sen
2556788,R. Daniel Mauldin
144459326,Scott C. Williams
145018247,Wei Lin
144333405,Sren Asmussen
2205319,Richard M. Huggins
3307799,Robert G. Staudte
2424816,William T. M. Dunsmuir
77562613,Sarah B. Streett
98812493,St. John
88997083,Bent Jrgensen
145334195,Donna Spiegelman
70219344,C. M. Cassel
70305205,Carl Erik Srndal
47442682,Adrian Dobra
2235268,Alex Lenkoski
40755847,Mauro Piccioni
40618053,LihYuan Deng
2846836,Harshinder Singh
90078197,Vladimir Hnizdo
2578578,Eugene Demchuk
2070904,Wing K. Fung
145797806,Greg Ridgeway
47016344,Erich L. Lehmann
4542703,Quanhong Lei
1972073,Mariela Sued
38220545,Kirk M Wolter
5164991,Scott A Lorch
3781563,Kenneth H. Pollock
143888100,Arnaud Doucet
145269317,Jos Antnio Machado
119982898,Jos R. Zubizarreta
2423607,Aldo Solari
2347380,Ariel Kleiner
145532827,Ameet Talwalkar
3191319,Zhihua Su
4100522,Weining Shen
2772215,Chang Xuan Mao
93858660,Steven C. Hillmer
48853857,William H. Dumouchel
3148505,Wicher Bergsma
1884131,Tams Rudas
49299302,Juha Tienari
145002503,Hari K. Iyer
2940824,Fabio Corradi
1680582,Istvn Berkes
2520942,Stephen D. Durham
112975803,Yannick Baraud
90224350,Sbastien Huet
71795923,Batrice Laurent
50155602,David Lester Hanson
90691600,Andrea Krajina
144362426,Shunichi Amari
88823233,YingQi Zhao
3338091,Caroline Uhler
2078109,Elja Arjas
2396854,Dario Gasbarra
39988880,D F Brook
9323815,Myron N. Chang
48607532,Yujun Wu
90856504,Igor Prunster
3241507,Kshitij Khare
143804206,Christine H. Mller
103088050,Ronald C. Pruitt
144080433,Heejung Bang
49527944,Hansheng Wang
145673139,D. Edwards
153277357,Niansheng Tang
39866353,Stephen Scott Walker
20320148,Fred Lombard
2066758,Shaoli Wang
2472439,Huiliang Xie
70279789,Philip J. Everson
2112437,Brent A. Coull
31411962,Fco. Javier Girn
152798899,Mara L. Martnez
145191770,E. Moreno
32688783,Andrew F. Siegel
50986437,Simon N. Wood
1740636,Denis Belomestny
3461083,Zhonghua Gu
3261371,Martin B. Short
30139760,Jrgen Franke
145102613,Anders Ekholm
144798617,J W Mcdonald
1769551,Olivier Capp
153272566,William Reid Bell
32123889,Kristin Ann Larson
10165509,Kenneth J. Westrick
2794272,Eric M. Aldrich
72609694,Daniel Janas
4259394,Yosihiko Ogata
1742283,ChunHouh Chen
144886751,Jing Ning
1806164,Marianthi Markatou
145893050,Narayanaswamy Balakrishnan
12894064,Roman A. Mureika
47827968,Yunpeng Zhao
46275661,Jialiang Li
2479889,Bernard Delyon
46367494,Marc Lavielle
50990142,Eric Moulines
102828944,Rolf K. Adenstedt
41130311,Thomas W. Epps
113377234,Nancy Reid
26658835,C. Sabatti
11434728,Fabienne Comte
48609940,James A. Durbin
31296995,William J. Padgett
2040845,Marc R. Hoffmann
2751657,Abhijit Dasgupta
39176410,Jing Cheng
37487046,Lorens A. Imhof
69543081,Charles J. Sommer
48566899,Geoffrey Stuart Watson
100778952,George E. Policello
2375205,Stephan Morgenthaler
143929230,James A. D. W. Anderson
152508107,Luisa Corrado
14445632,Bee Leng Lee
46349238,Gordon Pledger
3909996,Chunlei Ke
102553537,Yannis Bilias
3493111,Donato Michele Cifarelli
4963019,Randall E. Millikan
46582237,John Crowley
2750437,Yaning Yang
3029253,Snigdhansu Chatterjee
101905543,Davy Paindaveine
6594739,Joycelyn Atchison
46494993,Shir Ming Shen
5802530,Jay H. Lubin
46372934,Jinfeng Xu
2281490,Krishna B. Athreya
30187965,Thomas Mikosch
47403841,Robert R. Cogburn
9142950,Hua Zhou
90638727,Hans Arnfinn Karlsen
144085184,Terje Myklebust
50445254,Chunming Zhang
38672517,ChiMing Wong
49566390,Haibo Zhou
6979608,Dragi Anevski
49732930,Bo Lu
4046259,Robert C Hornik
144824982,Karen Messer
90727366,Remy Cottet
47021719,Michael S. Smith
98262779,Lawrence C. Rafsky
1945414,SikYum Lee
48168720,Tomohiro Ando
108388170,John William Aitchison
40406163,Richard G. Jarrett
47558440,YiHau Chen
143981702,Dror M. Rom
1850196,George O. Mohler
2539926,George E. Tita
50102484,P. Jeffery Brantingham
3650681,Sally D. Hunsberger
145713173,Shu Lu
48089519,Liang Yin
145489257,Kai Zhang
34055572,Keying Ye
1727940,Philippe Vieu
49156414,Maja Miloslavsky
2488490,Sndz Kele
144896089,Steve Butler
39712894,ShuMei Wan
50430125,Estate V. Khmaladze
21695559,Brian W. Junker
102451789,Kh. Shafie
50475231,Burton Sigal
3286633,Bradley S. Peterson
47731300,Kunpeng Li
49140741,Ming Li
145007417,David Heath
48099028,David Heckerman
34971947,Song Yang
97865970,Sidney Resnick
2152659,Yasuhiro Omori
102898432,Sabine Rieder
1740603,David J. Marchette
5937504,Brenda F. Kurland
120460145,J. Crowley
48560418,Karel Vermeulen
46876627,Seonjin Kim
5114839,Charles F. Spiekerman
144625417,William A. Lane
31480564,Emily M. Ryan
2835781,James R. Gattiker
39979246,David M. Higdon
145047257,Chao Gao
116953880,John A. Bound
120484794,Carmen Fernndez
1394459579,Mark F.J. Steel
1388787470,Cline LvyLeduc
40494680,Wenchang Sun
48670353,Xiaoping Xu
100990870,Amnon Neeman
2034457,Reza Pakyari
1691022,Manfred Opper
1768190,Junzhou Huang
13624709,Athonu Chatterjee
47124092,David A. Jaeger
102260367,Regina Baker
49543550,Xin Liu
52355383,Yongzhao Shao
1879438,Jiazhu Pan
39745791,Lee Kenneth Jones
113428150,Axel Bucher
1388539993,Ivn FernndezVal
143731085,D. Neil Hayes
50206023,B. Torsney
144114910,Sally Yates Wood
1747004,MinQian Liu
46618193,Jianhui Freehold Zhou
145955905,Branka Hoffmann
143654514,Valrie Ventura
145064923,Charles L. Lawson
144308260,Richard J. Hanson
32116677,Alessandra Dalla Valle
47897170,Wenhua Jiang
48975129,C. Gutenbrunner
2646006,Helena Geys
47882303,Hannes Helgason
49025727,Dong Chen
48492873,G. S. Maddala
47970684,Donald P. Gaver
38025277,Sebastian Engelke
41229426,Alexander Malinowski
2964732,Zakhar Kabluchko
49078415,Li Guo Wei
3091775,Fred Godtliebsen
3304956,Yongho Jeon
31647425,Oliver Linton
37086962,Silvia Emiko Shimakura
1943882,Gerard Letac
49898967,Sinae Kim
144973702,Jos Mara Prez
48939968,Peter Schmidt
2028743,Stanislav Volgushev
2965744,Alejandro Veen
39320469,Michael Woodroofe
3541748,Guanglei Hong
5527740,Stephen W. Raudenbush
89500908,Leif Boysen
40691052,Angela Kempe
2464520,Volkmar Liebscher
2737208,Olaf Wittich
33959132,Mike Baiocchi
102922194,ChungKuei Chang
2821433,Fabrizio Leisen
2364433,Cinzia Carota
145520115,Mikhail Belkin
1807040,Jrme Kalifa
3160667,Stefan Wager
2862374,Ulf Grenander
113130084,Zaid Harchaoui
49689063,Graciela Mentz
47600942,Emeric Thibaud
1728654,Ulrike von Luxburg
50674616,Adelin Albert
6922032,J. B. Anderson
143942577,David X. Chan
49755545,Stefano Conti
15274655,John Paul Gosling
46331579,James D. Reimann
96297016,John P. Rice
50682349,YoungJu Kim
46492684,Carol A. Francisco
2117893,ManSuk Oh
89908948,Neil Bathia
2304467,JuHyun Park
100972931,Hisao Nagao
35939890,Andrew G. Bruce
3199991,HongYe Gao
46248928,TzeeMing Huang
40489100,Maren K. Olsen
3772610,Xinghua Zheng
47002442,Yingying Li
1441895071,Aliye AtayKayis
116922808,Lori A. Thombs
3104565,Giulia Di Nunno
1993316,Ralitza Gueorguieva
38817724,Hong Gang Li
2476875,Ben Calderhead
2847103,Gennady Samorodnitsky
71920940,Richard J Martin
46668225,Yulia R. Gel
2573606,Bing Li
2346618,Dobrin Marchev
11737620,Hyonho Chuns
2550992,Youping Huang
36176123,Fengmei Zou
32131203,David J. Holmes
66611575,Jr Rasbash
47739756,Jie Chen
1683461,Yu Chuan Tai
47023963,Patrick Brown
92589903,Kjetil Kresen
70649069,Stefano Federico Tonellato
3328542,HyonJung Kim
15225692,Frederick C. Wong
2867890,Jungsywan Hwang Sepanski
48169643,Lu Wang
1887625,Yuehua Wu
145389711,Ke Xu
97520588,N I Fox
144650585,G. C. Tseng
46448079,Xuegong Zhang
31425481,M. Meise
2393677,Naresh M. Punjabi
144346844,Min Yang
144872108,FuChang Hu
